<ImportExportXml xmlns:xsi="http://www.w3.org/2001/XMLSchema-instance">
  <Entities></Entities>
  <Roles></Roles>
  <Workflows></Workflows>
  <FieldSecurityProfiles></FieldSecurityProfiles>
  <Templates />
  <EntityMaps />
  <EntityRelationships />
  <OrganizationSettings />
  <optionsets />
  <CustomControls />
  <SolutionPluginAssemblies>
    <PluginAssembly FullName="Kaskela.PowerAutomateAssistant, Version=1.0.0.0, Culture=neutral, PublicKeyToken=57c559f24bb02240" PluginAssemblyId="ab18ddb4-bef9-4ffe-9f71-7361c6336941" CustomizationLevel="1">
      <IsolationMode>2</IsolationMode>
      <SourceType>0</SourceType>
      <IntroducedVersion>1.0</IntroducedVersion>
      <FileName>/PluginAssemblies/KaskelaPowerAutomateAssistant-AB18DDB4-BEF9-4FFE-9F71-7361C6336941/KaskelaPowerAutomateAssistant.dll</FileName>
      <PluginTypes>
        <PluginType AssemblyQualifiedName="Kaskela.PowerAutomateAssistant.TrueFieldChange.PreCreate, Kaskela.PowerAutomateAssistant, Version=1.0.0.0, Culture=neutral, PublicKeyToken=57c559f24bb02240" PluginTypeId="d4f97ce4-c2dd-4f78-8097-79f61c285d94" Name="Kaskela.PowerAutomateAssistant.TrueFieldChange.PreCreate">
          <FriendlyName>0ce0fd08-6f7e-41bf-a0ad-db73eea80caa</FriendlyName>
        </PluginType>
        <PluginType AssemblyQualifiedName="Kaskela.PowerAutomateAssistant.TrueFieldChange.PreUpdate, Kaskela.PowerAutomateAssistant, Version=1.0.0.0, Culture=neutral, PublicKeyToken=57c559f24bb02240" PluginTypeId="3acd63ab-aec2-4836-88dd-962c5f766b8b" Name="Kaskela.PowerAutomateAssistant.TrueFieldChange.PreUpdate">
          <FriendlyName>e7c72705-246d-430c-aeb3-09e8b32843ce</FriendlyName>
        </PluginType>
      </PluginTypes>
    </PluginAssembly>
  </SolutionPluginAssemblies>
  <EntityDataProviders />
  <Languages>
    <Language>1033</Language>
  </Languages>
</ImportExportXml>